City_ID,City,Country,Date,Lat,Lng,Max Temp,Humidity,Cloudiness,Wind Speed
0,Hilo,US,2022-08-03 22:25:27,19.7297,-155.09,29.03,74,40,4.63
1,Kaka,TM,2022-08-03 22:25:27,37.3482,59.6143,28.65,23,0,3.24
2,Hermanus,ZA,2022-08-03 22:22:23,-34.4187,19.2345,11.56,84,3,5.49
3,Victoria,HK,2022-08-03 22:25:13,22.2855,114.1577,28.03,86,100,3.58
4,Ushuaia,AR,2022-08-03 22:22:11,-54.8,-68.3,2.81,87,40,1.54
5,Lebu,CL,2022-08-03 22:22:17,-37.6167,-73.65,9.54,85,64,1.93
6,Turayf,SA,2022-08-03 22:25:28,31.6725,38.6637,31.14,25,0,4.12
7,Busselton,AU,2022-08-03 22:22:13,-33.65,115.3333,11.66,72,91,7.63
8,Cabo San Lucas,MX,2022-08-03 22:22:15,22.8909,-109.9124,34.78,43,0,4.12
9,La Ronge,CA,2022-08-03 22:25:28,55.1001,-105.2842,20.12,45,75,3.09
10,Mangrol,IN,2022-08-03 22:25:29,21.1167,70.1167,27.68,79,95,2.15
11,Sakakah,SA,2022-08-03 22:25:29,29.9697,40.2064,37.76,19,4,4.58
12,Atuona,PF,2022-08-03 22:25:29,-9.8,-139.0333,25.16,79,15,6.11
13,Bluff,NZ,2022-08-03 22:25:30,-46.6,168.3333,7.11,69,100,9.71
14,Nikolskoye,RU,2022-08-03 22:25:30,59.7035,30.7861,16.94,85,39,1.23
15,Cherskiy,RU,2022-08-03 22:25:30,68.75,161.3,8.46,80,100,3.37
16,Batagay-Alyta,RU,2022-08-03 22:25:31,67.8006,130.4114,5.19,92,100,2.13
17,Marystown,CA,2022-08-03 22:21:31,47.1666,-55.1483,22.14,100,42,4.02
18,Avarua,CK,2022-08-03 22:22:18,-21.2078,-159.775,25.03,53,20,7.2
19,Hami,CN,2022-08-03 22:25:31,42.8,93.45,27.92,21,0,2.73
20,Upernavik,GL,2022-08-03 22:22:20,72.7868,-56.1549,6.48,77,5,5.39
21,Thompson,CA,2022-08-03 22:25:32,55.7435,-97.8558,17.09,51,75,3.6
22,Albany,US,2022-08-03 22:25:32,42.6001,-73.9662,31.43,46,4,0.89
23,Punta Arenas,CL,2022-08-03 22:22:23,-53.15,-70.9167,4.06,87,75,6.17
24,Saint-Philippe,RE,2022-08-03 22:25:32,-21.3585,55.7679,18.45,83,50,3.55
25,Fortuna,US,2022-08-03 22:22:18,40.5982,-124.1573,22.74,75,20,6.69
26,Narsaq,GL,2022-08-03 22:25:33,60.9167,-46.05,12.12,84,100,2.49
27,Boras,SE,2022-08-03 22:25:33,57.721,12.9401,18.05,99,18,2.05
28,Cape Town,ZA,2022-08-03 22:25:34,-33.9258,18.4232,13.28,81,40,3.13
29,Le Port,RE,2022-08-03 22:25:34,-20.9373,55.2919,19.98,78,60,2.18
30,Shingu,JP,2022-08-03 22:25:34,33.7333,135.9833,27.76,81,3,2.08
31,Krasnogorskoye,RU,2022-08-03 22:25:35,52.2953,86.1979,9.42,85,24,0.92
32,Shimoda,JP,2022-08-03 22:25:35,34.6667,138.95,24.5,87,69,4.67
33,Khatanga,RU,2022-08-03 22:25:35,71.9667,102.5,10.3,66,100,4.18
34,Jamestown,US,2022-08-03 22:22:06,42.097,-79.2353,32.19,41,0,4.63
35,Lagos,NG,2022-08-03 22:23:39,6.5833,3.75,25.18,80,88,3.14
36,Tilichiki,RU,2022-08-03 22:25:36,60.4667,166.1,14.26,69,46,4.29
37,Maiduguri,NG,2022-08-03 22:25:36,11.8464,13.1603,24.39,78,61,3.07
38,Takaka,NZ,2022-08-03 22:25:36,-40.85,172.8,13.64,60,93,1.3
39,Vaini,TO,2022-08-03 22:22:14,-21.2,-175.2,24.04,81,25,8.22
40,Nouakchott,MR,2022-08-03 22:22:33,18.0858,-15.9785,26.96,80,99,5.5
41,Camacha,PT,2022-08-03 22:25:37,33.0833,-16.3333,19.68,73,75,6.17
42,Mataura,NZ,2022-08-03 22:22:20,-46.1927,168.8643,6.93,81,100,2.23
43,Bredasdorp,ZA,2022-08-03 22:26:37,-34.5322,20.0403,8.89,92,4,2.45
44,Pevek,RU,2022-08-03 22:22:16,69.7008,170.3133,1.62,99,100,4.35
45,Bethel,US,2022-08-03 22:26:38,41.3712,-73.414,32.47,47,0,3.09
46,Hobart,AU,2022-08-03 22:26:38,-42.8794,147.3294,11.26,82,20,7.72
47,Plettenberg Bay,ZA,2022-08-03 22:22:24,-34.0527,23.3716,14.35,90,87,2.45
48,Port Elizabeth,ZA,2022-08-03 22:26:39,-33.918,25.5701,15.16,88,0,6.17
49,Iqaluit,CA,2022-08-03 22:26:39,63.7506,-68.5145,9.85,71,40,4.12
50,Rikitea,PF,2022-08-03 22:22:23,-23.1203,-134.9692,22.08,69,39,6.81
51,Payakumbuh,ID,2022-08-03 22:26:39,-0.2202,100.6308,21.09,98,100,1.08
52,Bechem,GH,2022-08-03 22:26:40,7.0903,-2.025,20.33,98,49,1.42
53,Mar Del Plata,AR,2022-08-03 22:26:40,-38.0023,-57.5575,10.49,92,100,2.68
54,Praia Da Vitoria,PT,2022-08-03 22:23:09,38.7333,-27.0667,25.42,94,40,1.15
55,Yellowknife,CA,2022-08-03 22:26:41,62.456,-114.3525,19.29,37,40,5.66
56,Ahipara,NZ,2022-08-03 22:23:11,-35.1667,173.1667,15.0,81,3,2.0
57,Saskylakh,RU,2022-08-03 22:22:00,71.9167,114.0833,8.42,59,100,4.75
58,Havelock,US,2022-08-03 22:26:41,34.8791,-76.9013,31.14,83,0,5.14
59,Boa Vista,BR,2022-08-03 22:26:41,2.8197,-60.6733,23.99,78,100,7.72
60,Broome,US,2022-08-03 22:22:11,42.2506,-75.833,32.61,38,0,3.13
61,Kintampo,GH,2022-08-03 22:26:42,8.0563,-1.7306,22.58,85,86,2.13
62,New Norfolk,AU,2022-08-03 22:22:15,-42.7826,147.0587,11.07,86,50,0.45
63,Bathsheba,BB,2022-08-03 22:22:44,13.2167,-59.5167,28.36,87,75,8.23
64,Oshikango,NA,2022-08-03 22:26:42,-17.4,15.8833,16.46,19,39,3.04
65,Puerto Ayora,EC,2022-08-03 22:26:43,-0.7393,-90.3518,25.98,82,74,4.02
66,Nagaur,IN,2022-08-03 22:26:43,27.2,73.7333,28.6,68,95,2.42
67,Dunmore East,IE,2022-08-03 22:22:18,52.1514,-6.9861,15.94,71,84,4.93
68,Provideniya,RU,2022-08-03 22:22:22,64.3833,-173.3,8.06,87,75,3.0
69,Porirua,NZ,2022-08-03 22:26:44,-41.1333,174.85,14.36,84,100,8.71
70,Souillac,MU,2022-08-03 22:23:21,-20.5167,57.5167,20.21,77,40,3.09
71,Ilulissat,GL,2022-08-03 22:26:44,69.2167,-51.1,11.01,54,75,4.12
72,Port Alfred,ZA,2022-08-03 22:26:44,-33.5906,26.891,15.66,91,33,0.45
73,Oktyabrskiy,RU,2022-08-03 22:26:45,54.4815,53.471,17.92,78,57,1.6
74,Visby,SE,2022-08-03 22:22:55,57.6409,18.296,21.12,56,81,5.66
75,Abu Dhabi,AE,2022-08-03 22:22:20,24.4667,54.3667,35.06,60,0,0.0
76,Luena,AO,2022-08-03 22:26:45,-11.7833,19.9167,18.32,43,60,1.67
77,Ribeira Grande,PT,2022-08-03 22:22:07,38.5167,-28.7,24.5,87,18,2.9
78,Chuy,UY,2022-08-03 22:22:01,-33.6971,-53.4616,14.15,99,100,2.46
79,Kalabo,ZM,2022-08-03 22:26:46,-14.97,22.6814,17.2,37,2,2.07
80,Sisimiut,GL,2022-08-03 22:26:46,66.9395,-53.6735,8.97,85,100,2.81
81,Vakhrushi,RU,2022-08-03 22:26:46,58.6847,50.0261,15.05,82,99,0.33
82,Salair,RU,2022-08-03 22:26:47,54.2312,85.7972,8.25,81,3,0.72
83,Dunedin,NZ,2022-08-03 22:26:47,-45.8742,170.5036,9.33,77,100,3.58
84,Waipawa,NZ,2022-08-03 22:26:47,-41.4122,175.5153,10.86,74,100,3.23
85,Glendive,US,2022-08-03 22:21:59,47.1053,-104.7125,34.16,19,0,4.63
86,Chokurdakh,RU,2022-08-03 22:22:13,70.6333,147.9167,8.32,72,100,4.56
87,Tautira,PF,2022-08-03 22:27:48,-17.7333,-149.15,24.93,80,49,11.59
88,Castro,BR,2022-08-03 22:22:20,-24.7911,-50.0119,16.36,68,4,2.33
89,Mount Gambier,AU,2022-08-03 22:25:05,-37.8333,140.7667,9.55,86,20,5.25
90,Cidreira,BR,2022-08-03 22:23:39,-30.1811,-50.2056,16.95,93,77,8.55
91,Wanaka,NZ,2022-08-03 22:26:50,-44.7,169.15,5.89,86,32,3.36
92,Noumea,NC,2022-08-03 22:27:49,-22.2763,166.4572,24.99,99,61,4.55
93,Sabha,LY,2022-08-03 22:27:49,27.0377,14.4283,32.22,26,14,5.43
94,Pringsewu,ID,2022-08-03 22:27:49,-5.3582,104.9744,22.97,97,97,1.77
95,Otradnoye,RU,2022-08-03 22:27:50,59.7775,30.8181,17.03,85,39,1.29
96,Butaritari,KI,2022-08-03 22:22:12,3.0707,172.7902,27.55,77,87,6.96
97,Dikson,RU,2022-08-03 22:27:50,73.5069,80.5464,5.5,99,100,4.14
98,Tuktoyaktuk,CA,2022-08-03 22:27:50,69.4541,-133.0374,11.0,82,40,4.12
99,Emba,KZ,2022-08-03 22:27:51,48.8264,58.1442,20.28,65,94,4.53
100,Dudinka,RU,2022-08-03 22:27:51,69.4058,86.1778,10.9,67,15,1.12
101,Hithadhoo,MV,2022-08-03 22:22:12,-0.6,73.0833,26.98,75,96,7.99
102,Batticaloa,LK,2022-08-03 22:23:23,7.7102,81.6924,26.74,69,100,4.02
103,Damietta,EG,2022-08-03 22:27:51,31.4165,31.8133,25.29,78,4,3.62
104,Kapaa,US,2022-08-03 22:27:52,22.0752,-159.319,28.18,64,20,5.14
105,Naze,JP,2022-08-03 22:27:52,28.3667,129.4833,26.51,86,68,1.67
106,Wangqing,CN,2022-08-03 22:27:53,43.3218,129.7634,21.28,96,50,0.5
107,Miramar,US,2022-08-03 22:27:53,25.9873,-80.2323,32.23,65,20,5.66
108,Poum,NC,2022-08-03 22:27:53,-20.2333,164.0167,24.03,83,6,3.87
109,Yambio,SS,2022-08-03 22:27:54,4.5721,28.3955,19.37,97,22,0.86
110,Hurricane,US,2022-08-03 22:27:54,37.1753,-113.2899,38.61,24,90,3.7
111,Barrow,US,2022-08-03 22:22:16,71.2906,-156.7887,12.19,58,100,5.8
112,Paamiut,GL,2022-08-03 22:27:54,61.994,-49.6678,8.85,90,100,15.93
113,Kropotkin,RU,2022-08-03 22:27:55,45.4375,40.5756,22.92,63,45,1.26
114,Katsuura,JP,2022-08-03 22:27:55,35.1333,140.3,25.13,91,92,7.57
115,Arraial Do Cabo,BR,2022-08-03 22:22:17,-22.9661,-42.0278,20.98,83,0,2.06
116,Mahebourg,MU,2022-08-03 22:23:06,-20.4081,57.7,20.16,77,40,3.09
117,Markovo,RU,2022-08-03 22:27:55,57.3206,107.0881,9.36,92,7,1.15
118,Kruisfontein,ZA,2022-08-03 22:27:56,-34.0033,24.7314,12.24,95,66,2.44
119,Tumen,CN,2022-08-03 22:27:56,42.9661,129.8425,22.97,96,99,0.87
120,Tasiilaq,GL,2022-08-03 22:27:57,65.6145,-37.6368,2.09,70,75,1.34
121,Conde,BR,2022-08-03 22:27:57,-7.2597,-34.9075,23.7,94,40,2.06
122,Saint-Joseph,RE,2022-08-03 22:27:57,-21.3667,55.6167,17.89,81,26,3.53
123,Mandera,KE,2022-08-03 22:27:57,3.9366,41.867,25.93,58,94,10.2
124,Jasidih,IN,2022-08-03 22:27:58,24.5167,86.65,25.47,89,100,2.45
125,Urucara,BR,2022-08-03 22:27:58,-2.5364,-57.76,27.3,76,100,0.73
126,Torbay,CA,2022-08-03 22:22:21,47.6666,-52.7314,22.64,84,40,8.23
127,Loei,TH,2022-08-03 22:27:59,17.4167,101.5,18.26,97,99,1.72
128,Buchanan,LR,2022-08-03 22:23:38,5.8808,-10.0467,24.3,86,89,4.52
129,San Matias,BO,2022-08-03 22:27:59,-16.3667,-58.4,30.5,19,15,2.66
130,Nantucket,US,2022-08-03 22:27:26,41.2835,-70.0995,26.11,83,0,2.57
131,Sobolevo,RU,2022-08-03 22:27:59,54.4299,31.8996,17.55,93,91,0.85
132,Salalah,OM,2022-08-03 22:29:00,17.0151,54.0924,26.05,94,100,1.54
133,Kavaratti,IN,2022-08-03 22:29:00,10.5669,72.642,25.28,89,100,15.49
134,Prince Rupert,CA,2022-08-03 22:26:44,54.3161,-130.3201,16.05,83,75,3.09
135,Wamba,NG,2022-08-03 22:29:00,8.9333,8.6,21.43,89,80,1.47
136,Esperance,AU,2022-08-03 22:29:01,-33.8667,121.9,12.86,65,91,13.43
137,Kaeo,NZ,2022-08-03 22:29:01,-35.1,173.7833,12.96,97,20,2.83
138,Borba,BR,2022-08-03 22:29:01,-4.3878,-59.5939,28.28,64,85,0.96
139,Krasnogorsk,RU,2022-08-03 22:29:02,55.8225,37.3181,23.92,72,0,3.0
140,Buriti Alegre,BR,2022-08-03 22:29:02,-18.14,-49.0403,23.57,34,32,1.41
141,Dauriya,RU,2022-08-03 22:29:02,49.9333,116.8667,20.21,83,92,2.06
142,Akureyri,IS,2022-08-03 22:29:03,65.6835,-18.0878,6.96,87,100,7.72
143,Vila Velha,BR,2022-08-03 22:24:25,-20.3297,-40.2925,23.97,86,75,2.06
144,Sao Filipe,CV,2022-08-03 22:29:03,14.8961,-24.4956,25.23,85,74,2.17
145,Prince George,CA,2022-08-03 22:29:03,53.9166,-122.753,17.92,51,75,2.57
146,East London,ZA,2022-08-03 22:29:04,-33.0153,27.9116,20.7,49,58,3.36
147,Pasni,PK,2022-08-03 22:29:04,25.2631,63.471,27.51,87,89,3.34
148,Ponta Delgada,PT,2022-08-03 22:29:04,37.7333,-25.6667,23.4,88,20,4.12
149,Ondjiva,AO,2022-08-03 22:29:05,-17.0667,15.7333,15.19,22,51,3.03
150,Inhambane,MZ,2022-08-03 22:29:05,-23.865,35.3833,18.59,69,0,2.72
151,Placido De Castro,BR,2022-08-03 22:29:05,-10.3353,-67.1856,31.63,42,78,0.65
152,Port Augusta,AU,2022-08-03 22:29:06,-32.5,137.7667,11.14,61,17,4.73
153,Carnarvon,AU,2022-08-03 22:29:06,-24.8667,113.6333,18.22,58,100,8.0
154,Nalut,LY,2022-08-03 22:29:06,30.3333,10.85,31.04,22,3,0.98
155,Eyl,SO,2022-08-03 22:29:07,7.9803,49.8164,24.7,80,100,10.7
156,Lensk,RU,2022-08-03 22:29:07,60.7253,114.9278,14.55,93,100,4.06
157,Bafra,TR,2022-08-03 22:29:07,41.5678,35.9069,21.66,84,41,1.81
158,Paita,PE,2022-08-03 22:29:08,-5.0892,-81.1144,19.86,75,26,7.79
159,Dingle,PH,2022-08-03 22:29:08,10.9995,122.6711,24.81,91,99,1.43
160,Isangel,VU,2022-08-03 22:29:08,-19.55,169.2667,25.06,94,75,0.0
161,Mao,ES,2022-08-03 22:29:09,39.8885,4.2658,26.31,73,0,1.03
162,Carauari,BR,2022-08-03 22:29:09,-4.8828,-66.8958,27.54,75,94,0.74
163,San Vicente,AR,2022-08-03 22:29:09,-26.6167,-54.1333,20.49,59,1,1.93
164,San Quintin,MX,2022-08-03 22:29:10,30.4833,-115.95,24.71,67,54,7.88
165,Georgetown,MY,2022-08-03 22:24:33,5.4112,100.3354,26.05,90,20,1.03
166,Talnakh,RU,2022-08-03 22:24:49,69.4865,88.3972,10.67,60,11,2.39
167,Moses Lake,US,2022-08-03 22:29:10,47.1301,-119.2781,36.05,16,0,7.72
168,Qaanaaq,GL,2022-08-03 22:29:11,77.484,-69.3632,7.78,61,77,0.65
169,Tiznit,MA,2022-08-03 22:29:11,29.5833,-9.5,29.87,31,89,0.9
170,Mehamn,NO,2022-08-03 22:29:11,71.0357,27.8492,12.97,94,40,4.12
171,Tuatapere,NZ,2022-08-03 22:29:12,-46.1333,167.6833,9.57,79,97,4.58
172,Margate,GB,2022-08-03 22:29:12,51.3813,1.3862,19.93,85,80,1.34
173,Ukiah,US,2022-08-03 22:27:41,39.1502,-123.2078,38.42,32,0,3.58
174,Saldanha,ZA,2022-08-03 22:29:12,-33.0117,17.9442,12.03,71,82,3.31
175,Sitka,US,2022-08-03 22:29:13,57.0531,-135.33,15.94,77,100,2.06
176,Lavumisa,SZ,2022-08-03 22:29:13,-27.31,31.892,14.84,85,37,1.73
177,Hokitika,NZ,2022-08-03 22:29:13,-42.7167,170.9667,10.25,78,93,1.58
178,Labuhan,ID,2022-08-03 22:29:14,-6.8844,112.2051,24.2,85,92,3.87
179,Port Moresby,PG,2022-08-03 22:30:14,-9.4431,147.1797,26.68,83,75,1.54
180,Nuuk,GL,2022-08-03 22:30:14,64.1835,-51.7216,9.34,93,100,0.0
181,Airai,TL,2022-08-03 22:30:15,-8.9266,125.4092,14.94,63,96,1.25
182,Vestmanna,FO,2022-08-03 22:30:15,62.1564,-7.1664,8.51,93,100,5.14
183,Wschowa,PL,2022-08-03 22:30:16,51.807,16.3166,24.72,45,71,4.33
184,Ipixuna,BR,2022-08-03 22:30:16,-1.7625,-48.8043,25.51,77,58,1.95
185,Changping,CN,2022-08-03 22:30:16,40.2186,116.2197,27.8,65,38,0.64
186,Uyuni,BO,2022-08-03 22:30:17,-20.4597,-66.825,5.9,15,0,6.11
187,Coruripe,BR,2022-08-03 22:30:17,-10.1256,-36.1756,23.45,87,100,5.02
188,San Andres,CO,2022-08-03 22:27:33,12.5847,-81.7006,29.01,79,40,6.17
189,San Policarpo,PH,2022-08-03 22:30:17,12.1791,125.5072,27.36,82,100,4.67
190,Dabakala,CI,2022-08-03 22:30:18,8.3667,-4.4333,22.55,90,91,2.2
191,Westlock,CA,2022-08-03 22:30:18,54.1502,-113.8688,20.06,74,100,3.0
192,Oksfjord,NO,2022-08-03 22:30:18,70.2396,22.3479,16.1,78,100,3.6
193,Seinajoki,FI,2022-08-03 22:30:19,62.7945,22.8282,17.72,94,100,4.63
194,Lagoa,PT,2022-08-03 22:30:19,39.05,-27.9833,23.82,89,4,3.32
195,Pangnirtung,CA,2022-08-03 22:30:20,66.1451,-65.7125,9.0,81,75,2.06
196,Bubaque,GW,2022-08-03 22:30:20,11.2833,-15.8333,26.74,81,100,4.84
197,Saint-Augustin,CA,2022-08-03 22:30:20,51.226,-58.6502,16.89,83,14,4.66
198,Samaipata,BO,2022-08-03 22:30:21,-18.15,-63.8667,12.35,94,41,2.0
199,Winfield,US,2022-08-03 22:30:21,37.2398,-96.9956,40.05,27,0,7.2
200,Nizhniy Baskunchak,RU,2022-08-03 22:30:21,48.2198,46.8311,26.44,33,95,3.95
201,Hofn,IS,2022-08-03 22:30:22,64.2539,-15.2082,9.03,74,80,7.91
202,Port Keats,AU,2022-08-03 22:30:22,-14.25,129.55,24.24,79,53,1.17
203,Ixtapa,MX,2022-08-03 22:30:23,20.7,-105.2,29.57,70,75,5.66
204,Oum Hadjer,TD,2022-08-03 22:30:23,13.2954,19.6966,25.77,72,100,1.54
205,Manyana,BW,2022-08-03 22:30:23,-23.4,21.7167,10.84,53,0,3.6
206,Opelousas,US,2022-08-03 22:30:24,30.5335,-92.0815,25.47,100,100,4.63
207,Kurchum,KZ,2022-08-03 22:30:24,48.5722,83.6542,17.59,63,58,2.77
208,Vestmannaeyjar,IS,2022-08-03 22:30:24,63.4427,-20.2734,8.64,76,67,11.44
209,Beringovskiy,RU,2022-08-03 22:30:25,63.05,179.3167,10.94,80,100,3.12
210,Dakar,SN,2022-08-03 22:30:19,14.6937,-17.4441,28.07,39,20,0.0
211,Santa Maria,BR,2022-08-03 22:30:25,-29.6842,-53.8069,17.61,100,75,1.54
212,Roald,NO,2022-08-03 22:30:25,62.5833,6.1333,16.76,94,100,5.66
213,Baykit,RU,2022-08-03 22:30:26,61.67,96.37,9.57,93,98,1.37
214,Montevideo,UY,2022-08-03 22:28:26,-34.8335,-56.1674,10.84,100,100,5.14
215,Port Hardy,CA,2022-08-03 22:30:26,50.6996,-127.4199,14.0,100,100,3.09
216,Norman Wells,CA,2022-08-03 22:30:26,65.282,-126.8329,17.02,67,75,5.14
217,Tibiri,NE,2022-08-03 22:30:27,13.5627,7.0485,23.7,85,27,4.23
218,Port Blair,IN,2022-08-03 22:25:31,11.6667,92.75,27.02,83,100,4.12
219,Darien,US,2022-08-03 22:30:27,41.752,-87.974,29.77,51,100,5.66
220,Kodiak,US,2022-08-03 22:30:28,57.79,-152.4072,19.73,56,0,6.17
221,Samur,RU,2022-08-03 22:30:28,41.8253,48.486,23.29,75,50,2.34
222,Hambantota,LK,2022-08-03 22:30:28,6.1241,81.1185,25.67,77,100,11.29
223,Touros,BR,2022-08-03 22:30:29,-5.1989,-35.4608,24.4,84,22,2.69
224,Ordzhonikidze,KZ,2022-08-03 22:31:29,52.4411,61.7408,15.13,76,70,4.29
225,Pontes E Lacerda,BR,2022-08-03 22:31:29,-15.2261,-59.3353,26.53,27,10,1.68
226,Lata,PT,2022-08-03 22:31:30,40.1629,-8.3327,15.75,99,12,0.77
227,Les Escoumins,CA,2022-08-03 22:31:30,48.1111,-69.0236,18.64,76,63,3.05
228,Argayash,RU,2022-08-03 22:31:30,55.4888,60.8767,11.83,89,5,2.28
229,Sao Joao Da Barra,BR,2022-08-03 22:31:31,-21.6403,-41.0511,20.52,88,0,3.23
230,Machachi,EC,2022-08-03 22:31:31,-0.5,-78.5667,14.86,95,100,0.72
231,Chegdomyn,RU,2022-08-03 22:31:31,51.1167,133.0167,19.54,90,46,0.9
232,Hay River,CA,2022-08-03 22:28:13,60.8156,-115.7999,17.99,59,40,7.72
233,Seoul,KR,2022-08-03 22:31:32,37.5683,126.9778,26.66,94,75,1.03
234,Half Moon Bay,US,2022-08-03 22:31:32,37.4636,-122.4286,33.63,75,100,9.26
235,Sur,OM,2022-08-03 22:31:32,22.5667,59.5289,30.09,68,26,4.09
236,Kununurra,AU,2022-08-03 22:30:03,-15.7667,128.7333,16.99,88,90,2.06
237,Pangai,TO,2022-08-03 22:31:33,-19.8,-174.35,24.81,81,4,9.08
238,Necochea,AR,2022-08-03 22:28:35,-38.5473,-58.7368,8.15,92,1,2.89
239,Saint-Pierre,RE,2022-08-03 22:31:33,-21.3393,55.4781,19.39,78,40,2.57
240,San Cristobal,VE,2022-08-03 22:31:33,7.7669,-72.225,24.1,92,97,0.67
241,Flinders,AU,2022-08-03 22:31:34,-34.5833,150.8552,18.54,77,100,2.68
242,Oranjestad,AW,2022-08-03 22:31:34,12.524,-70.027,28.97,74,20,7.2
243,Itubera,BR,2022-08-03 22:31:34,-13.7322,-39.1492,18.98,91,3,1.51
244,Longyearbyen,SJ,2022-08-03 22:31:35,78.2186,15.6401,9.91,81,75,5.14
245,Ostrovnoy,RU,2022-08-03 22:22:21,68.0531,39.5131,12.11,88,34,7.1
246,Mansa,IN,2022-08-03 22:31:35,29.9833,75.3833,28.32,81,65,2.12
247,Guerrero Negro,MX,2022-08-03 22:31:35,27.9769,-114.0611,25.45,63,19,8.5
248,Mukhen,RU,2022-08-03 22:31:36,48.1,136.1,23.11,84,91,1.64
249,Beirut,LB,2022-08-03 22:30:58,33.8889,35.4944,27.99,78,0,1.54
250,Ovejas,CO,2022-08-03 22:31:36,9.5325,-75.2238,24.46,92,96,2.41
251,Ishim,RU,2022-08-03 22:31:36,56.1128,69.4902,12.35,83,4,2.5
252,Broken Hill,AU,2022-08-03 22:31:37,-31.95,141.4333,16.72,81,66,8.43
253,Severo-Kurilsk,RU,2022-08-03 22:31:37,50.6789,156.125,13.03,80,41,3.05
254,Namibe,AO,2022-08-03 22:31:37,-15.1961,12.1522,15.65,80,2,2.56
255,Beni,CD,2022-08-03 22:31:38,0.5,29.4667,17.94,89,95,1.43
256,Maridi,SS,2022-08-03 22:31:38,4.9158,29.4742,19.78,92,65,0.78
257,Rio Grande,BR,2022-08-03 22:31:38,-32.035,-52.0986,16.06,97,100,4.75
258,Riberalta,BO,2022-08-03 22:31:38,-10.9833,-66.1,29.26,45,86,0.37
259,Geraldton,AU,2022-08-03 22:31:17,-28.7667,114.6,15.23,72,75,6.17
260,Caravelas,BR,2022-08-03 22:31:39,-17.7125,-39.2481,21.11,74,58,2.94
261,Moose Factory,CA,2022-08-03 22:31:39,51.2585,-80.6094,21.0,83,100,6.69
262,Kenai,US,2022-08-03 22:31:39,60.5544,-151.2583,22.24,67,0,4.12
263,Bambous Virieux,MU,2022-08-03 22:31:40,-20.3428,57.7575,20.14,77,40,3.09
264,Batagay,RU,2022-08-03 22:31:40,67.6333,134.6333,7.71,95,100,2.12
265,Davila,PH,2022-08-03 22:31:40,18.4726,120.5763,24.99,80,100,1.18
266,Gabrovo,BG,2022-08-03 22:31:41,42.8747,25.3342,16.82,73,34,1.18
267,Champoton,MX,2022-08-03 22:31:41,19.35,-90.7167,29.39,71,65,5.59
268,Ponta Do Sol,PT,2022-08-03 22:31:41,32.6667,-17.1,21.51,82,2,3.72
269,Husavik,IS,2022-08-03 22:31:42,66.0449,-17.3389,6.78,97,100,6.14
270,Derzhavinsk,KZ,2022-08-03 22:31:42,51.1,66.3167,17.32,57,98,7.28
271,Yurginskoye,RU,2022-08-03 22:32:42,56.8189,67.3921,12.32,85,2,1.51
272,Brae,GB,2022-08-03 22:32:43,60.3964,-1.353,10.91,80,57,5.94
273,Cap Estate,LC,2022-08-03 22:32:43,14.0833,-60.95,28.81,74,20,3.6
274,Kidal,ML,2022-08-03 22:32:43,18.4411,1.4078,35.33,26,83,4.5
275,Kota,IN,2022-08-03 22:32:44,25.1833,75.8333,28.45,79,99,1.33
276,Hasaki,JP,2022-08-03 22:32:44,35.7333,140.8333,23.22,85,100,5.89
277,Rudbar,AF,2022-08-03 22:32:44,30.15,62.6,29.81,21,0,6.2
278,Yinchuan,CN,2022-08-03 22:32:45,38.4681,106.2731,27.72,53,29,2.07
279,Petropavlovsk-Kamchatskiy,RU,2022-08-03 22:32:45,53.0452,158.6483,15.33,72,75,4.0
280,Tommot,RU,2022-08-03 22:32:45,58.9564,126.2925,21.32,73,7,0.81
281,Ust-Nera,RU,2022-08-03 22:32:46,64.5667,143.2,21.35,66,53,2.85
282,Sembe,CG,2022-08-03 22:32:46,1.6481,14.5806,22.15,80,93,0.62
283,Sukhobuzimskoye,RU,2022-08-03 22:32:46,56.5,93.2728,11.08,87,96,2.63
284,Pisco,PE,2022-08-03 22:32:47,-13.7,-76.2167,18.03,72,0,7.72
285,Whitianga,NZ,2022-08-03 22:32:47,-36.8333,175.7,15.25,70,0,1.9
286,Westport,US,2022-08-03 22:30:20,41.1415,-73.3579,32.95,53,0,2.57
287,North Battleford,CA,2022-08-03 22:32:04,52.7834,-108.2847,23.0,56,40,2.57
288,Tshikapa,CD,2022-08-03 22:32:48,-6.4167,20.8,26.48,45,61,1.02
289,Qujing,CN,2022-08-03 22:32:48,25.4833,103.7833,15.86,97,63,0.76
290,Grindavik,IS,2022-08-03 22:32:48,63.8424,-22.4338,9.26,76,40,5.14
291,Cabra,ES,2022-08-03 22:32:49,37.4725,-4.4421,25.56,36,0,2.06
292,Maragogi,BR,2022-08-03 22:32:49,-9.0122,-35.2225,24.12,88,100,6.42
293,Kotido,UG,2022-08-03 22:32:49,2.9806,34.1331,21.06,69,85,1.94
294,Vila Franca Do Campo,PT,2022-08-03 22:32:50,37.7167,-25.4333,23.23,89,35,2.63
295,Kaitangata,NZ,2022-08-03 22:32:50,-46.2817,169.8464,8.37,75,100,2.34
296,Fomboni,KM,2022-08-03 22:32:50,-12.28,43.7425,23.84,65,0,1.37
297,Palmas,BR,2022-08-03 22:29:26,-10.2128,-48.3603,29.93,35,0,1.03
298,Abong Mbang,CM,2022-08-03 22:32:51,3.9833,13.1833,21.38,81,100,1.17
299,Ongandjera,NA,2022-08-03 22:32:51,-17.8833,15.0667,12.87,14,20,4.03
300,Tambacounda,SN,2022-08-03 22:32:51,13.7539,-13.7586,26.03,94,75,1.03
301,Bugene,TZ,2022-08-03 22:32:52,-1.5911,31.1403,17.52,73,90,0.83
302,Cuamba,MZ,2022-08-03 22:32:52,-14.8031,36.5372,16.83,77,48,1.55
303,Tingi,TZ,2022-08-03 22:32:52,-11.3,35.0333,14.74,68,71,1.11
304,Saint-Georges,GD,2022-08-03 22:29:32,12.0564,-61.7485,24.82,94,75,6.17
305,Mareeba,AU,2022-08-03 22:32:53,-17.0,145.4333,20.24,89,88,2.21
306,Aswan,EG,2022-08-03 22:32:53,24.0934,32.907,33.61,18,0,3.09
307,Tiksi,RU,2022-08-03 22:32:54,71.6872,128.8694,7.06,76,99,2.79
308,Mahendragarh,IN,2022-08-03 22:32:54,28.2833,76.15,29.35,73,100,1.57
309,Kamaishi,JP,2022-08-03 22:32:54,39.2667,141.8833,21.18,86,86,2.82
310,Villa Carlos Paz,AR,2022-08-03 22:32:54,-31.4241,-64.4978,16.33,33,92,1.79
311,Abrau-Dyurso,RU,2022-08-03 22:32:55,44.69,37.59,18.7,84,0,0.29
312,Cururupu,BR,2022-08-03 22:32:55,-1.8283,-44.8683,23.98,87,34,1.79
313,Podosinovets,RU,2022-08-03 22:32:55,60.2776,47.0659,15.69,80,97,1.54
314,Castro Marim,PT,2022-08-03 22:32:56,37.2207,-7.4435,25.21,58,0,3.03
315,Gat,IL,2022-08-03 22:28:04,31.61,34.7642,28.0,78,7,0.74
316,Portland,US,2022-08-03 22:32:35,45.5234,-122.6762,32.53,34,20,2.06
317,Tessalit,ML,2022-08-03 22:33:56,20.1986,1.0114,32.32,33,77,7.44
318,Aklavik,CA,2022-08-03 22:33:57,68.2191,-135.0107,18.0,63,40,2.57
319,Chikwawa,MW,2022-08-03 22:33:57,-16.0335,34.8009,17.49,82,0,0.31
320,Kathmandu,NP,2022-08-03 22:30:24,27.7167,85.3167,22.12,94,75,1.54
321,Vanimo,PG,2022-08-03 22:33:57,-2.6741,141.3028,26.37,88,100,2.63
322,Lagunas,PE,2022-08-03 22:33:58,-5.2269,-75.6753,25.98,80,53,1.5
323,Gamba,GA,2022-08-03 22:33:58,-2.65,10.0,20.83,89,5,3.27
324,North Bend,US,2022-08-03 22:30:15,43.4065,-124.2243,24.58,81,0,6.17
325,Uribia,CO,2022-08-03 22:33:58,11.7139,-72.266,29.37,58,99,7.35
326,Chernushka,RU,2022-08-03 22:33:59,56.5072,56.0766,13.99,85,0,2.02
327,Manokwari,ID,2022-08-03 22:33:59,-0.8667,134.0833,26.14,77,100,0.25
328,Yomou,GN,2022-08-03 22:33:59,7.5603,-9.2653,20.57,99,61,1.86
329,Nelson Bay,AU,2022-08-03 22:34:00,-32.7167,152.15,18.94,78,97,5.81
330,Chitral,PK,2022-08-03 22:34:00,35.8462,71.7858,23.13,65,33,0.97
331,Robstown,US,2022-08-03 22:34:00,27.7903,-97.6689,39.1,55,0,11.32
332,Kahului,US,2022-08-03 22:34:01,20.8947,-156.47,31.01,51,40,9.77
333,Mogadishu,SO,2022-08-03 22:34:01,2.0371,45.3438,24.09,84,25,7.7
334,Yumen,CN,2022-08-03 22:34:01,40.2833,97.2,23.37,34,0,5.5
335,Sayyan,YE,2022-08-03 22:34:02,15.1718,44.3244,17.2,64,88,0.94
336,Codrington,AU,2022-08-03 22:34:02,-38.2667,141.9667,10.92,82,12,8.12
337,Wewak,PG,2022-08-03 22:34:02,-3.5534,143.6268,26.35,88,95,2.86
338,Kavieng,PG,2022-08-03 22:34:03,-2.5744,150.7967,28.06,78,93,8.01
339,Balaipungut,ID,2022-08-03 22:34:03,1.05,101.2833,23.46,96,100,1.06
340,Sioni,GE,2022-08-03 22:34:04,41.9895,45.0239,22.2,92,0,1.5
341,Jalu,LY,2022-08-03 22:34:04,29.0331,21.5482,27.14,59,0,6.85
342,Tura,IN,2022-08-03 22:34:04,25.5198,90.2201,23.09,95,100,1.03
343,Olafsvik,IS,2022-08-03 22:34:05,64.8945,-23.7142,8.9,70,30,4.91
344,Trelew,AR,2022-08-03 22:34:05,-43.249,-65.3051,8.03,66,20,4.25
345,The Valley,AI,2022-08-03 22:34:05,18.217,-63.0578,29.08,74,40,7.2
346,Port Lincoln,AU,2022-08-03 22:34:06,-34.7333,135.8667,13.54,72,2,12.99
347,Klaksvik,FO,2022-08-03 22:34:06,62.2266,-6.589,9.51,82,75,6.5
348,Sitio Novo Do Tocantins,BR,2022-08-03 22:34:06,-5.5183,-47.4611,28.94,40,40,2.69
349,Bengkulu,ID,2022-08-03 22:34:07,-3.8004,102.2655,23.33,92,95,1.3
350,Emmett,US,2022-08-03 22:34:07,43.8735,-116.4993,37.11,21,2,0.45
351,Novoagansk,RU,2022-08-03 22:34:07,61.9449,76.6625,12.53,64,96,0.67
352,Arcachon,FR,2022-08-03 22:34:08,44.5875,-1.0519,25.18,94,100,2.57
353,Svetlyy,RU,2022-08-03 22:34:08,54.675,20.1347,19.98,63,39,3.88
354,Chicla,PE,2022-08-03 22:34:08,-11.705,-76.2686,8.13,67,34,2.21
355,Komsomolskiy,UZ,2022-08-03 22:34:09,40.4272,71.7189,24.29,40,35,0.62
356,Porto Novo,BJ,2022-08-03 22:34:09,6.4965,2.6036,23.9,82,53,4.2
357,Deer Lake,CA,2022-08-03 22:30:14,49.1667,-57.4316,21.92,78,75,3.6
358,Sri Aman,MY,2022-08-03 22:34:09,1.2376,111.4621,24.03,100,94,0.0
359,Suhut,TR,2022-08-03 22:34:10,38.5311,30.5458,20.49,58,24,2.62
360,Dalbandin,PK,2022-08-03 22:35:10,28.8947,64.4101,30.31,18,0,1.69
361,Kloulklubed,PW,2022-08-03 22:35:10,7.0419,134.2556,25.31,90,100,3.73
362,Alcudia,ES,2022-08-03 22:35:11,39.8532,3.1214,27.99,64,0,1.46
363,Uporovo,RU,2022-08-03 22:35:11,56.3109,66.2693,12.98,86,0,1.52
364,Dondo,MZ,2022-08-03 22:35:11,-19.6094,34.7431,16.73,90,0,1.69
365,Vostok,RU,2022-08-03 22:35:12,46.4856,135.8833,21.89,84,76,0.7
366,Pamanukan,ID,2022-08-03 22:35:12,-6.2842,107.8106,23.77,86,79,1.52
367,Doha,QA,2022-08-03 22:35:12,25.2867,51.5333,34.99,61,0,2.57
368,Bilibino,RU,2022-08-03 22:35:13,68.0546,166.4372,13.07,95,100,1.41
369,Juneau,US,2022-08-03 22:35:13,58.3019,-134.4197,15.47,91,100,1.54
370,Wanning,CN,2022-08-03 22:35:13,18.8003,110.3967,26.57,87,100,2.7
371,Gorontalo,ID,2022-08-03 22:35:14,0.5412,123.0595,24.8,89,53,0.85
372,Nemuro,JP,2022-08-03 22:35:14,43.3236,145.575,15.36,90,99,4.72
373,Cortez,US,2022-08-03 22:35:14,37.3489,-108.5859,34.42,26,75,6.69
374,Orcopampa,PE,2022-08-03 22:35:15,-15.2661,-72.3417,8.74,36,0,3.04
375,San Patricio,US,2022-08-03 22:35:15,28.017,-97.5169,36.97,48,38,9.52
376,Cayenne,GF,2022-08-03 22:35:15,4.9333,-52.3333,27.83,1,0,1.54
377,Svetlogorsk,BY,2022-08-03 22:35:16,52.6333,29.7333,16.66,96,59,2.54
378,Santa Isabel Do Rio Negro,BR,2022-08-03 22:35:16,-0.4139,-65.0192,24.09,97,99,0.62
379,Fort Nelson,CA,2022-08-03 22:35:16,58.8053,-122.7002,18.77,59,75,1.03
380,Umm Lajj,SA,2022-08-03 22:35:17,25.0213,37.2685,30.05,66,74,1.87
381,Lucapa,AO,2022-08-03 22:35:17,-8.4192,20.7447,20.29,61,8,0.99
382,Taoudenni,ML,2022-08-03 22:35:17,22.6783,-3.9836,32.94,39,22,12.48
383,Ancud,CL,2022-08-03 22:34:32,-41.8697,-73.8203,6.24,83,85,3.53
384,Okhotsk,RU,2022-08-03 22:35:18,59.3833,143.3,13.96,86,100,1.66
385,Matiri,TZ,2022-08-03 22:35:18,-10.75,34.9,15.66,56,62,1.3
386,West Bay,KY,2022-08-03 22:35:18,19.3667,-81.4167,31.71,75,40,3.6
387,Kilemary,RU,2022-08-03 22:35:19,56.7783,46.8659,19.2,76,98,1.13
388,Abalak,RU,2022-08-03 22:35:19,58.1286,68.5944,12.35,79,10,1.09
389,Coihaique,CL,2022-08-03 22:35:19,-45.5752,-72.0662,4.34,81,75,2.06
390,Constitucion,CL,2022-08-03 22:35:20,-35.3333,-72.4167,9.74,83,72,4.53
391,Zhigansk,RU,2022-08-03 22:35:20,66.7697,123.3711,6.94,70,100,8.99
392,Severodvinsk,RU,2022-08-03 22:31:20,64.5635,39.8302,11.06,73,59,3.09
393,Pangody,RU,2022-08-03 22:35:20,65.85,74.4859,14.56,60,58,3.12
394,Faya,SA,2022-08-03 22:35:21,18.3851,42.4509,17.29,81,96,2.07
395,Illapel,CL,2022-08-03 22:35:21,-31.6308,-71.1653,11.75,86,79,1.22
396,Carrizal,VE,2022-08-03 22:35:22,10.3499,-66.9863,19.67,98,100,0.78
397,Axim,GH,2022-08-03 22:35:22,4.8699,-2.2405,22.76,80,21,3.7
398,Przhevalskoye,RU,2022-08-03 22:35:22,55.5093,31.8482,15.46,95,60,1.84
399,Russell,US,2022-08-03 22:35:23,32.3502,-85.1999,31.6,62,0,2.06
400,Nanortalik,GL,2022-08-03 22:35:23,60.1432,-45.2371,9.89,95,100,9.68
401,Luganville,VU,2022-08-03 22:35:23,-15.5333,167.1667,28.38,73,24,3.86
402,Lampazos De Naranjo,MX,2022-08-03 22:31:08,27.0167,-100.5167,41.21,19,1,4.06
403,Barcelos,PT,2022-08-03 22:35:24,41.5388,-8.6151,22.73,90,3,0.4
404,Mount Isa,AU,2022-08-03 22:35:24,-20.7333,139.5,20.87,68,40,0.0
405,Dvinskoy,RU,2022-08-03 22:35:24,62.1535,45.1175,13.86,89,68,0.92
406,Sabang,ID,2022-08-03 22:36:25,5.8933,95.3214,27.61,68,100,7.46
407,Tonj,SS,2022-08-03 22:36:25,7.2737,28.6822,20.61,96,99,1.61
408,Siljan,NO,2022-08-03 22:36:25,59.2884,9.71,16.83,89,4,2.76
409,Honningsvag,NO,2022-08-03 22:36:26,70.9821,25.9704,11.86,87,76,0.0
410,Clyde River,CA,2022-08-03 22:36:26,70.4692,-68.5914,4.13,100,100,6.69
411,Chunhuhub,MX,2022-08-03 22:36:26,19.55,-88.6833,35.89,30,15,3.57
412,Ust-Tsilma,RU,2022-08-03 22:36:27,65.441,52.1498,15.0,92,88,1.96
413,Acarau,BR,2022-08-03 22:36:27,-2.8856,-40.12,25.3,76,58,6.01
414,Mackay,AU,2022-08-03 22:35:24,-21.15,149.2,19.82,85,52,1.72
415,Cockburn Town,TC,2022-08-03 22:36:04,21.4612,-71.1419,27.87,76,7,8.43
416,Magistralnyy,RU,2022-08-03 22:36:27,56.1725,107.4458,12.83,77,32,1.39
417,Viedma,AR,2022-08-03 22:36:28,-40.8135,-62.9967,8.47,52,8,3.01
418,Orbetello,IT,2022-08-03 22:36:28,42.4408,11.2196,26.01,53,29,3.09
419,Fukue,JP,2022-08-03 22:36:28,32.6881,128.8419,28.06,80,58,2.95
420,Bingol,TR,2022-08-03 22:36:29,38.8847,40.4939,23.86,30,0,1.35
421,Jacmel,HT,2022-08-03 22:36:29,18.2342,-72.5347,30.91,80,100,2.51
422,Natal,BR,2022-08-03 22:33:57,-5.795,-35.2094,26.12,94,75,1.54
423,Fairbanks,US,2022-08-03 22:33:33,64.8378,-147.7164,22.98,55,40,3.09
424,Wucheng,CN,2022-08-03 22:36:29,29.6008,118.175,28.26,78,1,0.89
425,Nguru,NG,2022-08-03 22:36:30,12.8791,10.4526,25.09,79,12,4.09
426,Buala,SB,2022-08-03 22:36:30,-8.145,159.5921,28.07,76,57,4.11
427,Peniche,PT,2022-08-03 22:36:29,39.3558,-9.3811,19.6,91,31,7.93
428,Tselinnoye,RU,2022-08-03 22:36:30,53.0833,85.6667,9.04,84,11,2.21
429,Kiruna,SE,2022-08-03 22:36:31,67.8557,20.2251,11.51,100,100,3.09
430,Lasa,IT,2022-08-03 22:36:31,46.6166,10.7002,20.49,90,17,0.83
431,Krasnoselkup,RU,2022-08-03 22:36:31,65.7,82.4667,10.81,69,16,2.6
432,Adelaide,AU,2022-08-03 22:33:27,-34.9333,138.6,13.51,71,0,6.69
433,Talcahuano,CL,2022-08-03 22:36:32,-36.7167,-73.1167,10.82,71,75,2.06
434,Kita,ML,2022-08-03 22:36:32,13.0349,-9.4895,24.07,88,96,0.41
435,Ammon,US,2022-08-03 22:33:38,43.4696,-111.9666,31.01,24,0,0.89
436,Saint George,US,2022-08-03 22:35:03,37.1041,-113.5841,38.47,25,0,2.24
437,Imbituba,BR,2022-08-03 22:36:33,-28.24,-48.6703,19.49,90,31,6.71
438,Caruray,PH,2022-08-03 22:36:33,10.3094,119.0128,26.81,83,100,1.02
439,Kokopo,PG,2022-08-03 22:33:20,-4.352,152.2633,28.49,67,85,4.46
440,Bonavista,CA,2022-08-03 22:36:26,48.6499,-53.1147,18.42,94,75,1.93
441,Lavrentiya,RU,2022-08-03 22:36:33,65.5833,-171.0,9.94,80,35,3.41
442,Kabo,CF,2022-08-03 22:36:34,7.6994,18.629,21.21,95,74,1.11
443,Dwarka,IN,2022-08-03 22:36:34,22.2394,68.9678,27.87,77,100,4.51
444,Vermilion,US,2022-08-03 22:36:34,40.1667,-87.7506,22.33,70,24,6.63
445,Nouadhibou,MR,2022-08-03 22:36:35,20.931,-17.0347,23.99,78,75,3.6
446,Jabinyanah,TN,2022-08-03 22:36:35,35.035,10.9081,28.89,62,2,4.44
447,Alihe,CN,2022-08-03 22:36:35,50.5667,123.7167,24.47,70,77,0.86
448,Yaroslavskaya,RU,2022-08-03 22:36:36,44.6106,40.4642,19.68,80,1,2.7
449,Fiditi,NG,2022-08-03 22:36:36,7.7136,3.9172,21.12,91,75,2.46
450,Zhanaozen,KZ,2022-08-03 22:36:36,43.3,52.8,26.89,26,5,4.89
451,Itaituba,BR,2022-08-03 22:33:50,-4.2761,-55.9836,28.42,54,93,1.2
452,Honiara,SB,2022-08-03 22:36:37,-9.4333,159.95,30.07,63,5,3.26
453,Kieta,PG,2022-08-03 22:36:37,-6.2167,155.6333,27.81,78,87,2.57
454,Zunyi,CN,2022-08-03 22:37:38,27.6867,106.9072,22.32,87,25,0.68
455,Agadez,NE,2022-08-03 22:37:38,19.75,10.25,32.91,33,87,4.25
456,Kibala,TD,2022-08-03 22:37:38,9.1104,18.3463,23.97,100,0,1.54
457,Joao Pinheiro,BR,2022-08-03 22:37:38,-17.7425,-46.1725,22.0,40,7,2.3
458,Grand-Santi,GF,2022-08-03 22:37:39,4.25,-54.3833,23.06,98,95,1.26
459,Penzance,GB,2022-08-03 22:37:39,50.1186,-5.5371,17.38,76,62,6.64
460,Luderitz,NA,2022-08-03 22:37:39,-26.6481,15.1594,12.18,94,2,5.03
461,Braganca,BR,2022-08-03 22:34:17,-1.0536,-46.7656,23.08,93,41,0.75
462,Juybar,IR,2022-08-03 22:37:40,36.6412,52.9124,27.07,69,94,3.29
463,Delvada,IN,2022-08-03 22:37:40,20.7667,71.0333,26.99,83,79,3.54
464,Nanga Eboko,CM,2022-08-03 22:37:41,4.6833,12.3667,19.65,97,83,1.88
465,Upleta,IN,2022-08-03 22:37:41,21.7333,70.2833,27.09,77,95,1.6
466,Angoche,MZ,2022-08-03 22:37:41,-16.2325,39.9086,21.29,83,24,2.61
467,Bukama,CD,2022-08-03 22:37:42,-9.2,25.85,22.03,36,1,1.11
468,Kindu,CD,2022-08-03 22:37:42,-2.95,25.95,22.05,82,63,0.68
469,Zyryanka,RU,2022-08-03 22:37:42,65.75,150.85,13.01,91,100,3.39
470,Saint-Francois,FR,2022-08-03 22:37:22,46.4154,3.9054,23.69,57,2,1.03
471,Izazi,TZ,2022-08-03 22:37:43,-7.2,35.7333,20.09,52,4,2.03
472,Adrar,MR,2022-08-03 22:37:43,20.5022,-10.0711,36.15,24,7,6.13
473,Alice Springs,AU,2022-08-03 22:37:43,-23.7,133.8833,20.75,32,75,3.6
474,Ilhabela,BR,2022-08-03 22:37:44,-23.7781,-45.3581,19.95,90,13,3.76
475,Baljevac,BA,2022-08-03 22:37:44,44.8206,15.7799,19.12,65,0,0.76
476,Wuwei,CN,2022-08-03 22:37:45,37.9281,102.6414,23.9,63,99,2.22
477,Beisfjord,NO,2022-08-03 22:37:45,68.3751,17.5988,16.14,87,99,1.99
478,Panzhihua,CN,2022-08-03 22:37:45,26.5851,101.7128,20.72,95,52,0.08
479,Shkurinskaya,RU,2022-08-03 22:37:46,46.5858,39.3599,21.64,79,1,2.42
480,Asau,RO,2022-08-03 22:37:46,46.4333,26.4,19.42,87,7,2.08
481,Estevan,CA,2022-08-03 22:35:40,49.1334,-102.9842,23.45,56,0,2.06
482,Rabo De Peixe,PT,2022-08-03 22:37:46,37.8,-25.5833,22.73,88,20,4.12
483,Faanui,PF,2022-08-03 22:34:19,-16.4833,-151.75,25.93,75,11,10.07
484,Kosai,JP,2022-08-03 22:37:47,34.7105,137.5316,30.16,60,32,4.68
485,Edgemere,US,2022-08-03 22:37:47,39.2421,-76.448,33.86,57,0,4.63
486,Saint Anthony,US,2022-08-03 22:37:48,45.0205,-93.218,29.53,48,40,7.72
487,Yulara,AU,2022-08-03 22:37:48,-25.2406,130.9889,13.96,45,69,3.34
488,Bozova,TR,2022-08-03 22:37:48,37.3625,38.5267,29.51,51,0,1.76
489,Gonzaga,IT,2022-08-03 22:37:49,44.9498,10.8209,26.49,61,0,2.38
490,Chhaprauli,IN,2022-08-03 22:37:49,29.2167,77.1833,26.36,88,92,2.37
491,Barranca,PE,2022-08-03 22:37:49,-10.75,-77.7667,16.59,82,35,4.3
492,Linxi,CN,2022-08-03 22:37:50,39.7,118.4333,29.34,72,81,1.21
493,Ambanja,MG,2022-08-03 22:37:50,-13.6833,48.45,19.12,84,38,1.64
494,Biak,ID,2022-08-03 22:35:15,-0.9131,122.8766,24.28,79,91,2.9
495,Kattivakkam,IN,2022-08-03 22:37:50,13.2167,80.3167,28.05,87,100,3.48
496,Maniitsoq,GL,2022-08-03 22:38:51,65.4167,-52.9,7.43,98,100,4.06
497,Emerald,AU,2022-08-03 22:36:30,-23.5333,148.1667,16.08,100,100,2.06
498,Altar,MX,2022-08-03 22:38:51,30.7,-111.8167,36.63,30,41,5.28
499,Samarai,PG,2022-08-03 22:38:51,-10.6167,150.6667,27.15,83,76,6.67
500,Port Hedland,AU,2022-08-03 22:37:05,-20.3167,118.5667,13.03,88,4,2.57
501,Lorengau,PG,2022-08-03 22:38:52,-2.0226,147.2712,27.56,82,90,5.38
502,Acajutla,SV,2022-08-03 22:38:52,13.5928,-89.8275,29.23,67,93,2.37
503,Myitkyina,MM,2022-08-03 22:38:52,25.3833,97.4,23.64,99,96,0.35
504,Atambua,ID,2022-08-03 22:38:53,-9.1061,124.8925,21.44,78,100,2.24
505,Socond,RO,2022-08-03 22:38:53,47.5667,22.95,18.71,68,51,2.57
506,Okha,RU,2022-08-03 22:38:53,53.5739,142.9478,14.02,94,100,5.94
507,Nuevo Laredo,MX,2022-08-03 22:35:30,27.4763,-99.5164,42.15,24,0,6.17
508,Biltine,TD,2022-08-03 22:38:54,14.5333,20.9167,26.68,59,98,3.56
509,Itarema,BR,2022-08-03 22:34:53,-2.9248,-39.9167,25.12,78,53,5.55
510,Pionki,PL,2022-08-03 22:38:54,51.476,21.4499,21.79,33,7,2.68
511,Kuching,MY,2022-08-03 22:38:55,1.55,110.3333,24.12,100,20,1.03
512,Pau Brasil,BR,2022-08-03 22:38:55,-15.4642,-39.6511,17.73,90,1,1.71
513,Laguna,US,2022-08-03 22:37:06,38.421,-121.4238,41.3,29,0,3.09
514,Karratha,AU,2022-08-03 22:38:55,-20.7377,116.8463,16.79,70,3,4.87
515,Jumla,NP,2022-08-03 22:38:56,29.2747,82.1838,17.44,97,100,0.68
516,Yelizovo,RU,2022-08-03 22:38:56,53.1873,158.3805,16.73,67,75,4.0
517,College,US,2022-08-03 22:38:56,64.8569,-147.8028,22.97,55,40,3.09
518,Vardo,NO,2022-08-03 22:38:57,70.3705,31.1107,10.99,100,100,0.51
519,Aykhal,RU,2022-08-03 22:38:57,66.0,111.5,4.15,97,100,11.42
520,Korla,CN,2022-08-03 22:38:57,41.7597,86.1469,27.1,30,3,3.09
521,Dawlatabad,AF,2022-08-03 22:38:58,36.4141,64.9053,25.29,29,0,0.4
522,Tual,ID,2022-08-03 22:38:58,-5.6667,132.75,26.33,85,58,6.8
523,Menongue,AO,2022-08-03 22:38:58,-14.6585,17.691,15.29,47,9,0.38
524,Afrikanda,RU,2022-08-03 22:38:59,67.4429,32.7828,11.61,87,100,2.42
525,Catarman,PH,2022-08-03 22:38:59,12.4989,124.6377,25.56,90,99,1.36
526,Gold Coast,AU,2022-08-03 22:37:50,-28.0,153.4333,19.54,96,16,3.6
527,Tuy Hoa,VN,2022-08-03 22:38:59,13.0833,109.3,25.23,86,100,4.12
528,Karpogory,RU,2022-08-03 22:39:00,64.0019,44.4451,12.99,84,70,1.77
529,Anzio,IT,2022-08-03 22:39:00,41.4853,12.6179,28.25,85,2,3.2
530,Murgab,TM,2022-08-03 22:39:00,37.4966,61.9714,24.93,57,40,2.06
531,Junagarh,IN,2022-08-03 22:39:01,19.8667,82.9333,25.73,85,100,1.36
532,Santa Cruz,BO,2022-08-03 22:34:22,-17.8,-63.1667,26.03,73,40,6.17
533,Charagua,BO,2022-08-03 22:39:01,-19.8,-63.2167,28.76,57,50,3.97
534,Poya,NC,2022-08-03 22:39:01,-21.35,165.15,24.95,78,37,3.01
535,Phalodi,IN,2022-08-03 22:39:02,27.1333,72.3667,31.4,58,98,4.1
536,Puerto Escondido,MX,2022-08-03 22:34:44,15.85,-97.0667,30.46,54,75,4.12
537,Leshukonskoye,RU,2022-08-03 22:39:02,64.8989,45.7622,12.39,86,77,2.08
538,Cap Malheureux,MU,2022-08-03 22:39:03,-19.9842,57.6142,21.81,67,99,7.59
539,Saint-Prosper,CA,2022-08-03 22:39:03,46.2117,-70.4811,22.16,68,59,1.52
540,Talaya,RU,2022-08-03 22:39:03,61.3833,152.75,18.98,63,60,2.5
541,Hobyo,SO,2022-08-03 22:39:03,5.3505,48.5268,24.47,82,96,11.77
542,Bonthe,SL,2022-08-03 22:40:04,7.5264,-12.505,24.35,88,98,3.42
543,Maturin,VE,2022-08-03 22:40:04,9.75,-63.1767,23.94,86,100,3.7
544,Roma,US,2022-08-03 22:40:05,43.2128,-75.4557,30.48,49,0,4.63
545,Sidhauli,IN,2022-08-03 22:40:05,27.2833,80.8333,27.27,84,100,3.35
546,Byron Bay,AU,2022-08-03 22:40:05,-28.65,153.6167,16.51,77,22,6.02
547,Sao Jose Da Coroa Grande,BR,2022-08-03 22:40:06,-8.8978,-35.1478,24.28,88,100,6.64
548,San Juan,AR,2022-08-03 22:36:01,-31.5375,-68.5364,13.26,43,98,1.39
549,Ambon,ID,2022-08-03 22:40:06,-3.6954,128.1814,26.08,89,40,2.06
550,Abancay,PE,2022-08-03 22:40:06,-13.6339,-72.8814,16.94,58,2,3.18
551,Midland,US,2022-08-03 22:39:33,31.9974,-102.0779,40.59,22,0,5.14
552,Baruun-Urt,MN,2022-08-03 22:35:10,46.6806,113.2792,19.55,87,90,2.65
553,Calbuco,CL,2022-08-03 22:40:07,-41.768,-73.1273,7.56,81,100,2.1
554,Jasper,US,2022-08-03 22:40:07,37.2001,-94.3502,38.95,34,0,5.14
